year,NOI_USD_assumed,post_NOI_deductions_USD_assumed,distributable_cash_USD,community_annual_distribution_USD,community_cumulative_distribution_USD,gross_asset_value_USD_assumed,community_stake_value_USD_unrealized,community_equity_share,growth_assumption,cap_rate_assumption
1,65000000.0,35000000.0,30000000.0,3000000.0,3000000.0,1000000000.0,100000000.0,0.1,0.05,0.065
2,68250000.0,36750000.0,31500000.0,3150000.0,6150000.0,1050000000.0,105000000.0,0.1,0.05,0.065
3,71662500.0,38587500.0,33075000.0,3307500.0,9457500.0,1102500000.0,110250000.0,0.1,0.05,0.065
4,75245625.0,40516875.0,34728750.0,3472875.0,12930375.0,1157625000.0,115762500.0,0.1,0.05,0.065
5,79007906.25,42542718.75,36465187.5,3646518.75,16576893.75,1215506250.0,121550625.0,0.1,0.05,0.065
6,82958301.56,44669854.69,38288446.88,3828844.69,20405738.44,1276281562.5,127628156.25,0.1,0.05,0.065
7,87106216.64,46903347.42,40202869.22,4020286.92,24426025.36,1340095640.63,134009564.06,0.1,0.05,0.065
8,91461527.47,49248514.79,42213012.68,4221301.27,28647326.63,1407100422.66,140710042.27,0.1,0.05,0.065
9,96034603.85,51710940.53,44323663.31,4432366.33,33079692.96,1477455443.79,147745544.38,0.1,0.05,0.065
10,100836334.04,54296487.56,46539846.48,4653984.65,37733677.61,1551328215.98,155132821.6,0.1,0.05,0.065
11,105878150.74,57011311.94,48866838.8,4886683.88,42620361.49,1628894626.78,162889462.68,0.1,0.05,0.065
12,111172058.28,59861877.53,51310180.74,5131018.07,47751379.56,1710339358.12,171033935.81,0.1,0.05,0.065
13,116730661.19,62854971.41,53875689.78,5387568.98,53138948.54,1795856326.02,179585632.6,0.1,0.05,0.065
14,122567194.25,65997719.98,56569474.27,5656947.43,58795895.97,1885649142.32,188564914.23,0.1,0.05,0.065
15,128695553.96,69297605.98,59397947.98,5939794.8,64735690.76,1979931599.44,197993159.94,0.1,0.05,0.065
16,135130331.66,72762486.28,62367845.38,6236784.54,70972475.3,2078928179.41,207892817.94,0.1,0.05,0.065
17,141886848.24,76400610.59,65486237.65,6548623.77,77521099.07,2182874588.38,218287458.84,0.1,0.05,0.065
18,148981190.66,80220641.12,68760549.53,6876054.95,84397154.02,2292018317.8,229201831.78,0.1,0.05,0.065
19,156430250.19,84231673.18,72198577.01,7219857.7,91617011.72,2406619233.69,240661923.37,0.1,0.05,0.065
20,164251762.7,88443256.84,75808505.86,7580850.59,99197862.31,2526950195.38,252695019.54,0.1,0.05,0.065
