year,allocation_percent,revenue_usd_millions,opex_usd_millions,noi_usd_millions,deductions_usd_millions,cash_usd_millions,shortfall_usd_millions,community_usd_millions,investors_usd_millions,asset_usd_millions,value_usd_millions,purchase_usd_millions,cumulative_usd_millions,purchases_usd_millions
1,1,100,35,65,35,30,0,0.300000,29.700000,1000,10,5,0.300000,5
2,2,105,36.750000,68.250000,36.750000,31.500000,0,0.630000,30.870000,1050,21,5.250000,0.930000,10.250000
3,3,110.250000,38.587500,71.662500,38.587500,33.075000,0,0.992250,32.082750,1102.500000,33.075000,5.512500,1.922250,15.762500
4,4,115.762500,40.516875,75.245625,40.516875,34.728750,0,1.389150,33.339600,1157.625000,46.305000,5.788125,3.311400,21.550625
5,5,121.550625,42.542719,79.007906,42.542719,36.465188,0,1.823259,34.641928,1215.506250,60.775313,6.077531,5.134659,27.628156
6,6,127.628156,44.669855,82.958302,44.669855,38.288447,0,2.297307,35.991140,1276.281563,76.576894,6.381408,7.431966,34.009564
7,7,134.009564,46.903347,87.106217,46.903347,40.202869,0,2.814201,37.388668,1340.095641,93.806695,6.700478,10.246167,40.710042
8,8,140.710042,49.248515,91.461527,49.248515,42.213013,0,3.377041,38.835972,1407.100423,112.568034,7.035502,13.623208,47.745544
9,9,147.745544,51.710941,96.034604,51.710941,44.323663,0,3.989130,40.334534,1477.455444,132.970990,7.387277,17.612338,55.132822
10,10,155.132822,54.296488,100.836334,54.296488,46.539846,0,4.653985,41.885862,1551.328216,155.132822,7.756641,22.266322,62.889463
11,10,162.889463,57.011312,105.878151,57.011312,48.866839,0,4.886684,43.980155,1628.894627,162.889463,0,27.153006,62.889463
12,10,171.033936,59.861878,111.172058,59.861878,51.310181,0,5.131018,46.179163,1710.339358,171.033936,0,32.284024,62.889463
13,10,179.585633,62.854971,116.730661,62.854971,53.875690,0,5.387569,48.488121,1795.856326,179.585633,0,37.671593,62.889463
14,10,188.564914,65.997720,122.567194,65.997720,56.569474,0,5.656947,50.912527,1885.649142,188.564914,0,43.328541,62.889463
15,10,197.993160,69.297606,128.695554,69.297606,59.397948,0,5.939795,53.458153,1979.931599,197.993160,0,49.268336,62.889463
16,10,207.892818,72.762486,135.130332,72.762486,62.367845,0,6.236785,56.131061,2078.928179,207.892818,0,55.505120,62.889463
17,10,218.287459,76.400611,141.886848,76.400611,65.486238,0,6.548624,58.937614,2182.874588,218.287459,0,62.053744,62.889463
18,10,229.201832,80.220641,148.981191,80.220641,68.760550,0,6.876055,61.884495,2292.018318,229.201832,0,68.929799,62.889463
19,10,240.661923,84.231673,156.430250,84.231673,72.198577,0,7.219858,64.978719,2406.619234,240.661923,0,76.149657,62.889463
20,10,252.695020,88.443257,164.251763,88.443257,75.808506,0,7.580851,68.227655,2526.950195,252.695020,0,83.730507,62.889463